{
    "acceleration": {
        "A": 1500,
        "B": 200,
        "C": 200,
        "X": 3000,
        "Y": 2000,
        "Z": 1500
    },
    "default_current": {
        "A": 0.8,
        "B": 0.05,
        "C": 0.05,
        "X": 1.25,
        "Y": 1.25,
        "Z": 0.8
    },
    "default_max_speed": {
        "A": 125,
        "B": 40,
        "C": 40,
        "X": 600,
        "Y": 400,
        "Z": 125
    },
    "default_pipette_configs": {
        "homePosition": 220,
        "maxTravel": 30,
        "stepsPerMM": 768
    },
    "gantry_steps_per_mm": {
        "A": 400,
        "X": 80.0,
        "Y": 80.0,
        "Z": 400
    },
    "high_current": {
        "A": 0.8,
        "B": 0.5,
        "C": 0.5,
        "X": 1.25,
        "Y": 1.25,
        "Z": 0.8
    },
    "instrument_offset": {
        "left": {
            "multi": [
                -1.1912389535393686,
                -0.5050183877593213,
                0.0
            ],
            "single": [
                -0.6816158206525529,
                0.7371315092674422,
                0.0
            ]
        },
        "right": {
            "multi": [
                0.0,
                0.0,
                0.0
            ],
            "single": [
                1.5199385470264133,
                0.9304037952339286,
                0.0
            ]
        }
    },
    "log_level": "INFO",
    "low_current": {
        "A": 0.1,
        "B": 0.05,
        "C": 0.05,
        "X": 0.3,
        "Y": 0.3,
        "Z": 0.1
    },
    "mount_offset": [
        -30.39813465418883,
        -0.2996469549867786,
        0.0
    ],
    "name": "Ada Lovelace",
    "serial_speed": 115200,
    "steps_per_mm": "M92 X80.00 Y80.00 Z400 A400 B768 C768",
    "tip_length": {
        "Pipette": 51.7,
        "p10_multi_v1.5": 33.771000000000015,
        "p10_single_v1.5": 34.58100000000002,
        "p300_multi_v1.5": 52.35000000000001,
        "p300_single_v1.5": 51.498000000000005
    },
    "tip_probe": {
        "bounce_distance": 5.0,
        "center": [
            292.28863094005015,
            300.6004354222001,
            73.15699999999998
        ],
        "dimensions": [
            35.0,
            40.0,
            79.3
        ],
        "switch_clearance": 7.5,
        "switch_offset": [
            2.0,
            5.0,
            5.0
        ],
        "z_clearance": {
            "crossover": 35,
            "deck": 5.0,
            "normal": 5.0,
            "start": 20
        }
    },
    "version": 3
}