{
    "acceleration": {
        "A": 1500,
        "B": 200,
        "C": 200,
        "X": 3000,
        "Y": 2000,
        "Z": 1500
    },
    "default_current": {
        "A": 0.8,
        "B": 0.05,
        "C": 0.05,
        "X": 1.25,
        "Y": 1.25,
        "Z": 0.8
    },
    "default_max_speed": {
        "A": 125,
        "B": 40,
        "C": 40,
        "X": 600,
        "Y": 400,
        "Z": 125
    },
    "default_pipette_configs": {
        "homePosition": 220,
        "maxTravel": 30,
        "stepsPerMM": 768
    },
    "gantry_steps_per_mm": {
        "A": 400,
        "X": 80.0,
        "Y": 80.0,
        "Z": 400
    },
    "high_current": {
        "A": 0.8,
        "B": 0.5,
        "C": 0.5,
        "X": 1.25,
        "Y": 1.25,
        "Z": 0.8
    },
    "instrument_offset": {
        "left": {
            "multi": [
                -1.3765150200802054,
                -0.924783403311153,
                0.0
            ],
            "single": [
                -0.33700399865529107,
                -0.3023426500007531,
                0.0
            ]
        },
        "right": {
            "multi": [
                0.0,
                0.0,
                0.0
            ],
            "single": [
                0.7689723107102964,
                0.23206136775803543,
                0.0
            ]
        }
    },
    "log_level": "INFO",
    "low_current": {
        "A": 0.1,
        "B": 0.05,
        "C": 0.05,
        "X": 0.3,
        "Y": 0.3,
        "Z": 0.1
    },
    "mount_offset": [
        -31.101719917529145,
        0.5022100603580366,
        0.6000000000000085
    ],
    "name": "Ada Lovelace",
    "serial_speed": 115200,
    "steps_per_mm": "M92 X80.00 Y80.00 Z400 A400 B768 C768",
    "tip_length": {
        "Pipette": 51.7,
        "p10_multi_v1": 33.735000000000014,
        "p10_multi_v1.5": 33.890000000000015,
        "p10_single_v1": 34.32500000000002,
        "p10_single_v1.5": 34.56800000000001,
        "p300_multi_v1.5": 52.54300000000002,
        "p300_single_v1.4": 51.58800000000001,
        "p300_single_v1.5": 51.766000000000034
    },
    "tip_probe": {
        "bounce_distance": 5.0,
        "center": [
            292.3118545556604,
            300.83406154166437,
            72.77699999999999
        ],
        "dimensions": [
            35.0,
            40.0,
            79.3
        ],
        "switch_clearance": 7.5,
        "switch_offset": [
            2.0,
            5.0,
            5.0
        ],
        "z_clearance": {
            "crossover": 35,
            "deck": 5.0,
            "normal": 5.0,
            "start": 20
        }
    },
    "version": 3
}