{
    "acceleration": {
        "A": 1500,
        "B": 200,
        "C": 200,
        "X": 3000,
        "Y": 2000,
        "Z": 1500
    },
    "default_current": {
        "A": 0.8,
        "B": 0.05,
        "C": 0.05,
        "X": 1.25,
        "Y": 1.25,
        "Z": 0.8
    },
    "default_max_speed": {
        "A": 125,
        "B": 40,
        "C": 40,
        "X": 600,
        "Y": 400,
        "Z": 125
    },
    "default_pipette_configs": {
        "homePosition": 220,
        "maxTravel": 30,
        "stepsPerMM": 768
    },
    "gantry_steps_per_mm": {
        "A": 400,
        "X": 80.0,
        "Y": 80.0,
        "Z": 400
    },
    "high_current": {
        "A": 0.8,
        "B": 0.5,
        "C": 0.5,
        "X": 1.25,
        "Y": 1.25,
        "Z": 0.8
    },
    "instrument_offset": {
        "left": {
            "multi": [
                -0.6717247960714872,
                -0.20290259251845555,
                0.0
            ],
            "single": [
                0.5449707367789642,
                0.9969270550295732,
                0.0
            ]
        },
        "right": {
            "multi": [
                0.0,
                0.0,
                0.0
            ],
            "single": [
                0.3870303123604799,
                0.10010487251923905,
                0.0
            ]
        }
    },
    "log_level": "INFO",
    "low_current": {
        "A": 0.1,
        "B": 0.05,
        "C": 0.05,
        "X": 0.3,
        "Y": 0.3,
        "Z": 0.1
    },
    "mount_offset": [
        -31.80346323896778,
        -1.199404312848932,
        0.0
    ],
    "name": "Ada Lovelace",
    "serial_speed": 115200,
    "steps_per_mm": "M92 X80.00 Y80.00 Z400 A400 B768 C768",
    "tip_length": {
        "Pipette": 51.7,
        "p10_multi_v1.5": 34.519999999999996,
        "p10_single_v1.5": 34.41499999999999,
        "p300_multi_v1": 52.105000000000004,
        "p300_single_v1.5": 51.387
    },
    "tip_probe": {
        "bounce_distance": 5.0,
        "center": [
            292.65660549621924,
            301.20243256509644,
            72.783
        ],
        "dimensions": [
            35.0,
            40.0,
            79.3
        ],
        "switch_clearance": 7.5,
        "switch_offset": [
            2.0,
            5.0,
            5.0
        ],
        "z_clearance": {
            "crossover": 35,
            "deck": 5.0,
            "normal": 5.0,
            "start": 20
        }
    },
    "version": 3
}