{
    "acceleration": {
        "A": 1500,
        "B": 200,
        "C": 200,
        "X": 3000,
        "Y": 2000,
        "Z": 1500
    },
    "default_current": {
        "A": 0.8,
        "B": 0.05,
        "C": 0.05,
        "X": 1.25,
        "Y": 1.25,
        "Z": 0.8
    },
    "default_max_speed": {
        "A": 125,
        "B": 40,
        "C": 40,
        "X": 600,
        "Y": 400,
        "Z": 125
    },
    "default_pipette_configs": {
        "homePosition": 220,
        "maxTravel": 30,
        "stepsPerMM": 768
    },
    "gantry_steps_per_mm": {
        "A": 400,
        "X": 80.0,
        "Y": 80.0,
        "Z": 400
    },
    "high_current": {
        "A": 0.8,
        "B": 0.5,
        "C": 0.5,
        "X": 1.25,
        "Y": 1.25,
        "Z": 0.8
    },
    "instrument_offset": {
        "left": {
            "multi": [
                -0.3417667791483723,
                1.2838788186137435,
                0.0
            ],
            "single": [
                -0.0483072875691164,
                0.6204291393664789,
                0.0
            ]
        },
        "right": {
            "multi": [
                0.0,
                0.0,
                0.0
            ],
            "single": [
                1.03618321978837,
                0.8835205100051553,
                0.0
            ]
        }
    },
    "log_level": "INFO",
    "low_current": {
        "A": 0.1,
        "B": 0.05,
        "C": 0.05,
        "X": 0.3,
        "Y": 0.3,
        "Z": 0.1
    },
    "mount_offset": [
        -31.002258878155644,
        -0.10186597522663376,
        0.0
    ],
    "name": "Ada Lovelace",
    "serial_speed": 115200,
    "steps_per_mm": "M92 X80.00 Y80.00 Z400 A400 B768 C768",
    "tip_length": {
        "Pipette": 51.7,
        "p10_multi_v1": 52.602999999999994,
        "p10_multi_v1.5": 33.82299999999999,
        "p10_single_v1": 38.381,
        "p10_single_v1.5": 33.962999999999994,
        "p300_single_v1.5": 51.63499999999999
    },
    "tip_probe": {
        "bounce_distance": 5.0,
        "center": [
            292.89501773564496,
            300.97702088637885,
            72.762
        ],
        "dimensions": [
            35.0,
            40.0,
            79.3
        ],
        "switch_clearance": 7.5,
        "switch_offset": [
            2.0,
            5.0,
            5.0
        ],
        "z_clearance": {
            "crossover": 35,
            "deck": 5.0,
            "normal": 5.0,
            "start": 20
        }
    },
    "version": 3
}